{
  "state": "WA",
  "order": [
    0,
    2,
    2
  ],
  "seasonal_order": [
    1,
    1,
    1,
    12
  ],
  "adf_p": 0.688136134089545,
  "mae": 9.473512907622924,
  "rmse": 10.124183655910848,
  "mape": 385.5923583823078
}