{
  "state": "WA",
  "order": [
    2,
    1,
    1
  ],
  "seasonal_order": [
    0,
    1,
    1,
    12
  ],
  "adf_p": 0.688136134089545,
  "mae": 7.030989306233382,
  "rmse": 7.395092710814699,
  "mape": 273.50648608896904
}